{
    "use": "v23",
    "v23": {
        "MC15c" : 36.18486,
        "MC16a" : 36.18486,
        "MC16c" : 43.81370,
        "MC16d" : 43.81370,
        "MC16e" : 0.000000,
        "MC16f" : 0.000000
    },
    "v25": {
        "MC15c" : 36.18486,
        "MC16a" : 36.20766,
        "MC16c" : 44.30740,
        "MC16d" : 44.30740,
        "MC16e" : 0.000000,
        "MC16f" : 0.000000
    }
}
